{"name":"compra","id":"prueba-e2e;compra","testSteps":[{"number":1,"description":"Given Agregar dos productos al carrito","duration":19526,"startTime":"2023-12-10T23:58:01.890-05:00[America/Bogota]","result":"SUCCESS","precondition":false,"level":0},{"number":2,"description":"When Visualizar el carrito","duration":873,"startTime":"2023-12-10T23:58:21.426-05:00[America/Bogota]","result":"SUCCESS","precondition":false,"level":0},{"number":3,"description":"And Completar el Checkout como invitado Guest Checkout","duration":10352,"startTime":"2023-12-10T23:58:22.300-05:00[America/Bogota]","result":"SUCCESS","precondition":false,"level":0},{"number":4,"description":"Then Finalizar la compra hasta la confirmación Your order has been placed","duration":3300,"startTime":"2023-12-10T23:58:32.654-05:00[America/Bogota]","result":"SUCCESS","precondition":false,"level":0}],"userStory":{"id":"prueba-e2e","storyName":"Prueba E2E","displayName":"Prueba E2E","path":"SerenityFeature.feature","type":"feature"},"featureTag":{"name":"Prueba E2E","type":"feature","displayName":"Prueba E2E"},"title":"Compra","description":"","tags":[{"name":"Prueba E2E","type":"feature","displayName":"Prueba E2E"},{"name":"E2E","type":"tag","displayName":"E2E"}],"startTime":"2023-12-10T23:58:01.775-05:00[America/Bogota]","duration":34185,"projectKey":"","isManualTestingUpToDate":false,"manual":false,"testSource":"Cucumber","result":"SUCCESS"}